customer_id,full_name,gender,email,phone,city,created_at
1,Abdullah,Male,abdullah1@gmail.com,167460949,Chattogram,2025-10-12
2,Ayon,Male,ayon2@gmail.com,152759767,Dhaka,2025-09-26
3,Taushif,Male,taushif3@yahoo.com,150001052,Khulna,2025-09-24
4,Saiful,Male,saiful4@gmail.com,198053269,Rangpur,2025-09-16
5,Samia,Female,samia5@yahoo.com,135920720,Chattogram,2025-09-28
6,Shithi,Female,shithi6@gmail.com,145609346,Chattogram,2025-09-26
7,Rumana,Female,rumana7@gmail.com,173762918,Chattogram,
8,Lamisa,Female,lamisa8@outlook.com,156168574,Sylhet,2025-09-18
9,Anika,Female,anika9@gmail.com,137023818,Cumilla,2025-09-22
10,Irtaza,Male,irtaza10@outlook.com,165645739,Gazipur,2025-09-17
11,Moumita,Female,moumita11@gmail.com,151102827,Sylhet,2025-09-29
12,Lamya,Female,lamya12@gmail.com,172884413,Rangpur,2025-09-21
13,Samia,Female,samia13@gmail.com,168959948,Rangpur,2025-09-21
14,Kamal,Male,kamal14@yahoo.com,1104744617,Chattogram,2025-09-16
15,Hasib,Male,hasib15@gmail.com,196974177,Gazipur,2025-09-28
16,Heba,Female,heba16@gmail.com,145089260,Dhaka,2025-09-19
17,Zannat,Female,zannat17@gmail.com,197540949,Dhaka,
18,Rima,Female,rima18@gmail.com,137939524,Barishal,2025-09-20
19,Arif,Male,arif19@outlook.com,166290474,Rangpur,2025-09-23
20,Rafi,Male,rafi20@gmail.com,143168415,Barishal,2025-09-17
21,Mahjabin,Female,mahjabin21@yahoo.com,153047634,Sylhet,2025-09-14
22,Ehsan,Male,ehsan22@gmail.com,136434902,Narayanganj,2025-10-04
23,Tanvir,Male,tanvir23@gmail.com,192211426,Dhaka,2025-09-15
24,Sabbir,Male,sabbir24@gmail.com,153857722,Rajshahi,2025-09-15
25,Sadika,Female,sadika25@gmail.com,1105394917,Narayanganj,2025-09-25
26,Riya,Female,riya26@gmail.com,197376098,Khulna,2025-09-14
27,Irtaza,Male,irtaza27@outlook.com,164631504,Narayanganj,2025-09-15
28,Shuvo,Male,shuvo28@gmail.com,152307345,Cumilla,2025-09-20
29,Towhid,Male,towhid29@yahoo.com,189340781,Barishal,
30,Ehsan,Male,ehsan30@gmail.com,198130671,Chattogram,2025-09-16
31,Tasnim,Female,tasnim31@gmail.com,199486138,Gazipur,2025-09-15
32,Jahid,Male,jahid32@gmail.com,187023752,Cumilla,2025-09-14
33,Taushif,Male,taushif33@gmail.com,156736559,Rajshahi,2025-09-17
34,Abdullah,Male,abdullah34@gmail.com,149671912,Khulna,2025-09-23
35,Maliha,Female,maliha35@gmail.com,144212135,Chattogram,2025-09-20
36,Rakib,Male,rakib36@yahoo.com,166842472,Barishal,2025-09-24
37,Sanjida,Female,sanjida37@gmail.com,193575867,Khulna,2025-09-23
38,Sajeeb,Male,sajeeb38@gmail.com,130841616,Gazipur,2025-09-16
39,Samia,Female,samia39@gmail.com,168038898,Cumilla,2025-09-14
40,Siam,Male,siam40@gmail.com,1105680135,Cumilla,2025-09-16
41,Naila,Female,naila41@outlook.com,198003834,Barishal,2025-09-15
42,Abrar,Male,abrar42@gmail.com,144159587,Barishal,2025-09-14
43,Towhid,Male,towhid43@gmail.com,144996728,Chattogram,2025-09-14
44,Kamal,Male,kamal44@yahoo.com,156858916,Sylhet,2025-09-16
45,Ehsan,Male,ehsan45@gmail.com,170218888,Rajshahi,2025-09-23
46,Keya,Female,keya46@gmail.com,154870438,Gazipur,2025-09-26
47,Sumaiya,Female,sumaiya47@gmail.com,163499352,Rajshahi,2025-09-14
48,Rakib,Male,rakib48@outlook.com,182297675,Gazipur,2025-10-03
49,Sanjida,Female,sanjida49@gmail.com,132405670,Cumilla,2025-09-20
50,Jamal,Male,jamal50@gmail.com,191667842,Barishal,2025-09-18
51,Jamal,Male,jamal51@gmail.com,144822773,Rajshahi,2025-09-24
52,Afrin,Female,afrin52@gmail.com,164508835,Sylhet,2025-09-17
53,Maliha,Female,maliha53@gmail.com,1100815459,Barishal,2025-09-24
54,Jahid,Male,jahid54@gmail.com,151421995,Rajshahi,
55,Raihan,Male,raihan55@gmail.com,132336986,Chattogram,2025-09-17
56,Moumita,Female,moumita56@outlook.com,146671778,Sylhet,2025-09-20
57,Fahim,Male,fahim57@gmail.com,147968069,Barishal,2025-09-17
58,Rakib,Male,rakib58@gmail.com,133452464,Rangpur,2025-09-19
59,Taushif,Male,taushif59@gmail.com,152528816,Rangpur,2025-09-15
60,Raihan,Male,raihan60@yahoo.com,176024089,Khulna,2025-09-14
61,Oli,Male,oli61@gmail.com,170126974,Rajshahi,2025-10-13
62,Rumana,Female,rumana62@gmail.com,1108514396,Narayanganj,
63,Rafi,Male,rafi63@gmail.com,179083258,Cumilla,2025-09-14
64,Mehedi,Male,mehedi64@gmail.com,198342083,Chattogram,2025-09-17
65,Afrin,Female,afrin65@gmail.com,154398011,Rangpur,2025-09-14
66,Rodela,Female,rodela66@outlook.com,179952665,Gazipur,2025-09-17
67,Sumaiya,Female,sumaiya67@gmail.com,196012455,Rangpur,2025-09-19
68,Mahjabin,Female,mahjabin68@gmail.com,135850305,Chattogram,2025-09-16
69,Sadika,Female,sadika69@gmail.com,152519365,Khulna,2025-09-23
70,Raisa,Female,raisa70@gmail.com,150749811,Sylhet,2025-09-14
71,Akash,Male,akash71@gmail.com,197184469,Narayanganj,2025-09-16
72,Abdullah,Male,abdullah72@yahoo.com,157941798,Barishal,
73,Masud,Male,masud73@gmail.com,164995693,Gazipur,2025-09-17
74,Rafi,Male,rafi74@gmail.com,187602068,Dhaka,2025-09-23
75,Abrar,Male,abrar75@gmail.com,177215470,Sylhet,2025-09-14
76,Rima,Female,rima76@gmail.com,169594684,Khulna,2025-09-27
77,Shahriar,Male,shahriar77@outlook.com,187835422,Khulna,2025-09-17
78,Mariya,Female,mariya78@gmail.com,190893466,Chattogram,2025-09-18
79,Yasin,Male,yasin79@gmail.com,1109388022,Barishal,2025-09-25
80,Ayon,Male,ayon80@gmail.com,133568526,Gazipur,2025-09-17
81,Kamal,Male,kamal81@outlook.com,134903228,Cumilla,2025-09-26
82,Priya,Female,priya82@gmail.com,173975468,Sylhet,2025-09-26
83,Raisa,Female,raisa83@gmail.com,157346586,Cumilla,2025-09-18
84,Farzana,Female,farzana84@gmail.com,130322819,Chattogram,2025-10-16
85,Siam,Male,siam85@gmail.com,1107056697,Sylhet,2025-09-28
86,Lamisa,Female,lamisa86@gmail.com,130602376,Rangpur,2025-09-23
87,Sakib,Male,sakib87@yahoo.com,147488284,Rajshahi,2025-09-23
88,Akash,Male,akash88@gmail.com,172745275,Cumilla,2025-09-17
89,Sohag,Male,sohag89@gmail.com,167936675,Khulna,2025-09-28
90,Heba,Female,heba90@gmail.com,130970617,Dhaka,2025-09-21
91,Fahim,Male,fahim91@yahoo.com,147934750,Rajshahi,2025-09-15
92,Jahid,Male,jahid92@gmail.com,154548597,Dhaka,
93,Anika,Female,anika93@gmail.com,154924937,Narayanganj,2025-09-16
94,Mim,Female,mim94@gmail.com,149736261,Rajshahi,2025-09-16
95,Rafi,Male,rafi95@yahoo.com,195783882,Dhaka,2025-09-16
96,Ehsan,Male,ehsan96@gmail.com,138857238,Barishal,2025-09-14
97,Mariya,Female,mariya97@gmail.com,134703473,Barishal,
98,Mehedi,Male,mehedi98@outlook.com,146144717,Barishal,2025-09-16
99,Mahmud,Male,mahmud99@gmail.com,192971133,Rangpur,2025-10-05
100,Riana,Female,riana100@yahoo.com,137695701,Sylhet,2025-09-16
